i	x	y	S	j
0	0.500000	0.000000	0.932	229
1	0.508245	0.000068	0.835	228
2	0.516488	0.000272	1.000	.
3	0.524727	0.000612	0.985	.
4	0.532959	0.001087	0.765	.
5	0.541182	0.001699	0.739	.
6	0.549394	0.002446	0.776	.
7	0.557592	0.003328	0.989	223
8	0.565775	0.004345	0.995	222
9	0.573939	0.005497	1.000	221
10	0.582084	0.006784	0.998	220
11	0.590206	0.008204	1.000	219
12	0.598304	0.009759	1.000	218
13	0.606375	0.011447	0.999	217
14	0.614417	0.013267	1.000	.
15	0.622428	0.015220	0.975	.
16	0.630406	0.017305	0.973	214
17	0.638348	0.019521	0.970	213
18	0.646253	0.021868	0.975	.
19	0.654118	0.024345	0.975	.
20	0.661941	0.026951	0.970	210
21	0.669719	0.029686	0.970	209
22	0.677452	0.032548	0.544	208
23	0.685137	0.035538	0.579	.
24	0.692771	0.038654	0.833	207
25	0.700353	0.041896	0.803	206
26	0.707880	0.045262	0.999	.
27	0.715350	0.048752	0.881	203
28	0.722762	0.052365	0.883	202
29	0.730114	0.056099	0.975	.
30	0.737403	0.059954	0.971	.
31	0.744627	0.063929	0.967	199
32	0.751785	0.068022	0.973	198
33	0.758875	0.072233	0.973	197
34	0.765894	0.076560	0.931	.
35	0.772840	0.081002	0.964	.
36	0.779713	0.085558	0.944	194
37	0.786509	0.090227	0.994	193
38	0.793228	0.095008	0.682	192
39	0.799866	0.099898	0.659	191
40	0.806424	0.104898	0.681	.
41	0.812897	0.110004	0.780	.
42	0.819286	0.115217	0.964	.
43	0.825588	0.120535	0.990	188
44	0.831801	0.125956	0.999	187
45	0.837925	0.131478	1.000	186
46	0.843956	0.137101	1.000	185
47	0.849894	0.142822	0.998	184
48	0.855736	0.148640	1.000	183
49	0.861482	0.154554	0.991	182
50	0.867129	0.160562	0.959	.
51	0.872677	0.166663	0.959	.
52	0.878123	0.172854	0.938	179
53	0.883467	0.179134	0.939	178
54	0.888706	0.185501	0.883	177
55	0.893839	0.191954	1.000	.
56	0.898866	0.198490	0.997	.
57	0.903784	0.205109	0.953	174
58	0.908592	0.211807	0.956	173
59	0.913289	0.218584	0.953	172
60	0.917873	0.225438	1.000	.
61	0.922344	0.232366	0.999	.
62	0.926700	0.239367	0.955	.
63	0.930940	0.246439	0.836	169
64	0.935063	0.253580	0.842	168
65	0.939068	0.260788	0.869	.
66	0.942953	0.268061	0.955	.
67	0.946717	0.275397	0.957	165
68	0.950360	0.282794	0.940	164
69	0.953881	0.290250	0.806	163
70	0.957278	0.297763	0.973	.
71	0.960551	0.305332	0.993	.
72	0.963699	0.312953	0.633	.
73	0.966720	0.320625	0.624	160
74	0.969615	0.328346	0.637	159
75	0.972382	0.336113	0.959	158
76	0.975020	0.343925	0.974	157
77	0.977529	0.351780	0.992	.
78	0.979909	0.359675	0.963	156
79	0.982158	0.367608	0.962	155
80	0.984275	0.375577	0.994	.
81	0.986261	0.383580	0.991	.
82	0.988115	0.391614	0.846	152
83	0.989836	0.399678	0.870	151
84	0.991424	0.407769	0.276	149
85	0.992878	0.415886	0.344	148
86	0.994198	0.424025	0.629	.
87	0.995384	0.432185	0.514	147
88	0.996435	0.440363	0.481	146
89	0.997351	0.448558	0.624	.
90	0.998131	0.456766	0.578	.
91	0.998777	0.464987	0.986	.
92	0.999286	0.473216	0.983	.
93	0.999660	0.481454	0.974	140
94	0.999898	0.489696	0.980	139
95	1.000000	0.497941	0.980	138
96	0.999966	0.506186	0.999	.
97	0.999796	0.514430	0.896	137
98	0.999490	0.522670	0.879	136
99	0.999048	0.530904	0.841	.
100	0.998471	0.539129	1.000	.
101	0.997758	0.547344	0.989	133
102	0.996910	0.555546	0.989	132
103	0.995926	0.563732	0.995	.
104	0.994808	0.571902	0.999	.
105	0.993555	0.580052	0.999	.
106	0.992168	0.588180	0.616	.
107	0.990647	0.596284	0.774	.
108	0.988992	0.604362	0.990	.
109	0.987205	0.612411	0.691	127
110	0.985285	0.620430	0.976	126
111	0.983233	0.628416	0.975	125
112	0.981049	0.636368	0.986	123
113	0.978735	0.644282	0.995	122
114	0.976291	0.652157	0.995	121
115	0.973717	0.659990	0.993	120
116	0.971014	0.667780	0.996	.
117	0.968183	0.675525	0.998	.
118	0.965225	0.683222	0.998	.
119	0.962141	0.690868	0.997	.
120	0.958930	0.698463	0.993	115
121	0.955595	0.706004	0.995	114
122	0.952136	0.713489	0.995	113
123	0.948554	0.720916	0.986	112
124	0.944850	0.728283	0.998	.
125	0.941025	0.735588	0.975	111
126	0.937080	0.742829	0.976	110
127	0.933016	0.750003	0.691	109
128	0.928835	0.757110	0.613	.
129	0.924537	0.764147	1.000	.
130	0.920123	0.771111	1.000	.
131	0.915595	0.778003	0.999	.
132	0.910954	0.784818	0.989	102
133	0.906202	0.791556	0.989	101
134	0.901338	0.798215	0.842	.
135	0.896366	0.804793	0.895	.
136	0.891286	0.811288	0.879	98
137	0.886100	0.817698	0.896	97
138	0.880808	0.824022	0.980	95
139	0.875413	0.830257	0.980	94
140	0.869916	0.836403	0.974	93
141	0.864318	0.842457	0.991	.
142	0.858621	0.848419	0.632	.
143	0.852827	0.854285	0.623	.
144	0.846937	0.860055	0.996	.
145	0.840952	0.865727	0.566	.
146	0.834875	0.871300	0.481	88
147	0.828706	0.876772	0.514	87
148	0.822448	0.882141	0.344	85
149	0.816103	0.887406	0.276	84
150	0.809671	0.892567	0.994	.
151	0.803155	0.897620	0.870	83
152	0.796557	0.902565	0.846	82
153	0.789878	0.907400	1.000	.
154	0.783121	0.912125	1.000	.
155	0.776286	0.916738	0.962	79
156	0.769376	0.921238	0.963	78
157	0.762393	0.925622	0.974	76
158	0.755339	0.929892	0.959	75
159	0.748215	0.934044	0.637	74
160	0.741023	0.938078	0.624	73
161	0.733767	0.941993	0.996	.
162	0.726446	0.945788	0.997	.
163	0.719064	0.949461	0.806	69
164	0.711622	0.953013	0.940	68
165	0.704123	0.956441	0.957	67
166	0.696568	0.959745	0.920	.
167	0.688960	0.962924	0.881	.
168	0.681301	0.965977	0.842	64
169	0.673592	0.968903	0.836	63
170	0.665836	0.971702	0.922	.
171	0.658034	0.974373	0.998	.
172	0.650190	0.976914	0.953	59
173	0.642305	0.979326	0.956	58
174	0.634382	0.981608	0.953	57
175	0.626421	0.983758	1.000	.
176	0.618427	0.985777	0.999	.
177	0.610400	0.987664	0.883	54
178	0.602343	0.989418	0.939	53
179	0.594258	0.991039	0.938	52
180	0.586148	0.992527	0.964	.
181	0.578014	0.993881	1.000	.
182	0.569859	0.995100	0.991	49
183	0.561685	0.996185	1.000	48
184	0.553495	0.997134	0.998	47
185	0.545289	0.997949	1.000	46
186	0.537072	0.998628	1.000	45
187	0.528844	0.999172	0.999	44
188	0.520609	0.999579	0.990	43
189	0.512367	0.999851	0.780	.
190	0.504123	0.999987	0.969	.
191	0.495877	0.999987	0.659	39
192	0.487633	0.999851	0.682	38
193	0.479392	0.999579	0.994	37
194	0.471156	0.999172	0.944	36
195	0.462928	0.998628	0.930	.
196	0.454711	0.997949	1.000	.
197	0.446505	0.997134	0.973	33
198	0.438315	0.996185	0.973	32
199	0.430141	0.995100	0.967	31
200	0.421986	0.993881	0.977	.
201	0.413852	0.992527	0.908	.
202	0.405742	0.991039	0.883	28
203	0.397657	0.989418	0.881	27
204	0.389600	0.987664	0.988	.
205	0.381573	0.985777	1.000	.
206	0.373579	0.983758	0.803	25
207	0.365618	0.981608	0.833	24
208	0.357695	0.979326	0.544	22
209	0.349810	0.976914	0.970	21
210	0.341966	0.974373	0.970	20
211	0.334164	0.971702	0.996	.
212	0.326408	0.968903	0.982	.
213	0.318700	0.965977	0.970	17
214	0.311040	0.962924	0.973	16
215	0.303432	0.959745	1.000	.
216	0.295877	0.956441	1.000	.
217	0.288378	0.953013	0.999	13
218	0.280936	0.949461	1.000	12
219	0.273554	0.945788	1.000	11
220	0.266234	0.941993	0.998	10
221	0.258977	0.938078	1.000	9
222	0.251785	0.934044	0.995	8
223	0.244661	0.929892	0.989	7
224	0.237607	0.925622	0.951	.
225	0.230624	0.921238	0.762	.
226	0.223714	0.916738	0.739	.
227	0.216879	0.912125	0.803	.
228	0.210122	0.907401	0.835	1
229	0.203443	0.902565	0.932	0
230	0.196845	0.897620	0.934	380
231	0.190329	0.892567	0.935	379
232	0.183898	0.887407	0.466	378
233	0.177552	0.882141	0.470	.
234	0.171294	0.876772	0.999	377
235	0.165126	0.871300	1.000	376
236	0.159048	0.865727	1.000	375
237	0.153064	0.860055	1.000	374
238	0.147173	0.854285	0.505	373
239	0.141379	0.848419	0.495	.
240	0.135682	0.842457	0.984	372
241	0.130084	0.836403	0.991	371
242	0.124587	0.830257	0.991	370
243	0.119192	0.824022	0.992	369
244	0.113901	0.817698	0.967	368
245	0.108714	0.811288	0.679	.
246	0.103634	0.804793	0.744	.
247	0.098662	0.798215	0.633	365
248	0.093798	0.791556	0.627	364
249	0.089046	0.784818	0.960	.
250	0.084405	0.778003	0.924	362
251	0.079877	0.771112	0.928	361
252	0.075463	0.764147	0.608	360
253	0.071165	0.757110	0.328	261
254	0.066984	0.750003	0.363	260
255	0.062920	0.742829	0.358	259
256	0.058975	0.735588	0.857	.
257	0.055150	0.728283	0.901	.
258	0.051446	0.720916	0.971	.
259	0.047864	0.713489	0.358	255
260	0.044405	0.706004	0.363	254
261	0.041070	0.698463	0.328	253
262	0.037859	0.690868	0.975	.
263	0.034775	0.683222	0.772	.
264	0.031817	0.675525	0.707	.
265	0.028986	0.667780	0.952	.
266	0.026283	0.659990	0.746	345
267	0.023709	0.652157	0.767	344
268	0.021265	0.644282	0.766	343
269	0.018951	0.636368	0.806	.
270	0.016767	0.628416	0.889	341
271	0.014715	0.620430	0.930	.
272	0.012795	0.612411	0.921	339
273	0.011008	0.604362	0.913	338
274	0.009353	0.596284	0.892	335
275	0.007832	0.588180	0.939	334
276	0.006445	0.580052	0.971	333
277	0.005192	0.571902	0.973	332
278	0.004074	0.563732	0.959	331
279	0.003090	0.555546	0.986	.
280	0.002242	0.547344	0.799	.
281	0.001529	0.539129	0.958	.
282	0.000952	0.530904	0.969	328
283	0.000510	0.522670	0.975	327
284	0.000204	0.514430	0.970	326
285	0.000034	0.506186	0.581	.
286	0.000000	0.497941	0.718	.
287	0.000102	0.489696	0.707	323
288	0.000340	0.481454	0.851	322
289	0.000714	0.473217	0.859	321
290	0.001223	0.464987	0.577	320
291	0.001869	0.456766	0.695	318
292	0.002649	0.448558	0.645	317
293	0.003565	0.440363	0.938	.
294	0.004616	0.432185	1.000	.
295	0.005802	0.424025	0.912	316
296	0.007122	0.415886	0.999	315
297	0.008576	0.407770	0.998	314
298	0.010164	0.399678	1.000	.
299	0.011885	0.391614	0.979	312
300	0.013739	0.383580	1.000	311
301	0.015725	0.375577	1.000	310
302	0.017842	0.367608	1.000	309
303	0.020091	0.359675	0.980	308
304	0.022471	0.351780	1.000	.
305	0.024980	0.343926	1.000	.
306	0.027618	0.336113	1.000	.
307	0.030385	0.328346	1.000	.
308	0.033280	0.320625	0.980	303
309	0.036301	0.312953	1.000	302
310	0.039449	0.305332	1.000	301
311	0.042722	0.297764	1.000	300
312	0.046119	0.290250	0.979	299
313	0.049639	0.282794	0.999	.
314	0.053283	0.275397	0.998	297
315	0.057047	0.268061	0.999	296
316	0.060932	0.260788	0.912	295
317	0.064937	0.253580	0.645	292
318	0.069060	0.246439	0.695	291
319	0.073300	0.239367	0.611	.
320	0.077656	0.232366	0.577	290
321	0.082127	0.225438	0.859	289
322	0.086711	0.218584	0.851	288
323	0.091408	0.211807	0.707	287
324	0.096216	0.205109	0.585	.
325	0.101134	0.198490	1.000	.
326	0.106160	0.191954	0.970	284
327	0.111294	0.185501	0.975	283
328	0.116533	0.179134	0.969	282
329	0.121877	0.172854	0.767	.
330	0.127323	0.166663	0.942	.
331	0.132871	0.160563	0.959	278
332	0.138518	0.154555	0.973	277
333	0.144264	0.148640	0.971	276
334	0.150106	0.142822	0.939	275
335	0.156044	0.137101	0.892	274
336	0.162075	0.131478	0.909	.
337	0.168198	0.125956	0.910	.
338	0.174412	0.120535	0.913	273
339	0.180714	0.115217	0.921	272
340	0.187102	0.110005	0.976	.
341	0.193576	0.104898	0.889	270
342	0.200134	0.099898	0.975	.
343	0.206772	0.095008	0.766	268
344	0.213491	0.090227	0.767	267
345	0.220287	0.085558	0.746	266
346	0.227160	0.081002	0.434	358
347	0.234106	0.076560	0.483	357
348	0.241125	0.072233	0.483	356
349	0.248215	0.068022	0.483	355
350	0.255373	0.063929	0.423	354
351	0.262597	0.059954	0.904	.
352	0.269886	0.056099	0.884	.
353	0.277237	0.052365	0.934	.
354	0.284650	0.048752	0.423	350
355	0.292120	0.045262	0.483	349
356	0.299647	0.041896	0.483	348
357	0.307229	0.038654	0.483	347
358	0.314863	0.035538	0.434	346
359	0.322548	0.032548	0.872	.
360	0.330280	0.029686	0.608	252
361	0.338059	0.026951	0.928	251
362	0.345882	0.024345	0.924	250
363	0.353747	0.021868	0.885	.
364	0.361652	0.019521	0.627	248
365	0.369594	0.017305	0.633	247
366	0.377572	0.015220	0.673	.
367	0.385583	0.013267	0.992	.
368	0.393625	0.011447	0.967	244
369	0.401696	0.009759	0.992	243
370	0.409794	0.008204	0.991	242
371	0.417916	0.006784	0.991	241
372	0.426060	0.005497	0.984	240
373	0.434225	0.004345	0.505	238
374	0.442408	0.003328	1.000	237
375	0.450606	0.002446	1.000	236
376	0.458818	0.001699	1.000	235
377	0.467041	0.001087	0.999	234
378	0.475273	0.000612	0.466	232
379	0.483512	0.000272	0.935	231
380	0.491754	0.000068	0.934	230
